key,instantiation-moment,title,description,priority,critical-status,duration-start,duration-end,link
objective-01,2010/07/11 21:00,Title,Description,Low,false,2010/07/11 21:01,2010/07/11 22:01,https://example.com/objective
objective-02,2010/01/01 00:00,Title,Description,Low,false,2010/01/01 00:01,2010/01/01 01:00,https://example.com/objective
objective-03,2000/01/01 00:01,Title,Description,Low,false,2000/01/01 00:01,2000/01/01 01:01,https://example.com/objective
objective-04,2022/07/29 23:58,Title,Description,Low,false,2022/07/29 23:59,2022/07/30 00:00,https://example.com/objective
objective-05,2022/07/29 23:59,Title,Description,Low,false,2022/07/30 00:00,2022/07/30 01:00,https://example.com/objective
objective-06,2010/07/11 21:00,T,Description,Low,false,2010/07/11 21:01,2010/07/11 22:01,https://example.com/objective
objective-07,2010/07/11 21:00,Te,Description,Low,false,2010/07/11 21:01,2010/07/11 22:01,https://example.com/objective
objective-08,2010/07/11 21:00,Li Europan lingues es membres del sam.,Description,Low,false,2010/07/11 21:00,2010/07/11 22:00,https://example.com/objective
objective-09,2010/07/11 21:00,Li Europan lingues es membres del sam familie. Lor separat existentie es,Description,Low,false,2010/07/11 21:00,2010/07/11 22:00,https://example.com/objective
objective-10,2010/07/11 21:00,Li Europan lingues es membres del sam familie. Lor separat existentie es u.,Description,Low,false,2010/07/11 21:00,2010/07/11 22:00,https://example.com/objective
objective-12,2010/07/11 21:00,or 'a' = 'a',Description,Low,false,2010/07/11 21:01,2010/07/11 22:01,https://example.com/objective
objective-13,2010/07/11 21:00,<h1>hacked</h1>,Description,Low,false,2010/07/11 21:01,2010/07/11 22:01,https://example.com/objective
objective-14,2010/07/11 21:00,АБХجحذسعف汉书من你好吗РСТУШДذرزطظآحخدشصЮЯОПРСТУكلمة美女,Description,Low,false,2010/07/11 21:01,2010/07/11 22:01,https://example.com/objective
objective-15,2010/07/11 21:00,Title,L,Low,false,2010/07/11 21:01,2010/07/11 22:01,https://example.com/objective
objective-16,2010/07/11 21:00,Title,Li,Low,false,2010/07/11 21:01,2010/07/11 22:01,https://example.com/objective
objective-17,2010/07/11 21:00,Title,Li Europan lingues es membres del sam familie. Lor,Low,false,2010/07/11 21:01,2010/07/11 22:01,https://example.com/objective
objective-18,2010/07/11 21:00,Title,Li Europan lingues es membres del sam familie. Lor separat existentie es un myth. Por scientie mus,Low,false,2010/07/11 21:01,2010/07/11 22:01,https://example.com/objective
objective-19,2010/07/11 21:00,Title,Li Europan lingues es membres del sam familie. Lor separat existentie es un myth. Por scientie musi,Low,false,2010/07/11 21:01,2010/07/11 22:01,https://example.com/objective
objective-20,2010/07/11 21:00,Title,or 'a' = 'a',Low,false,2010/07/11 21:01,2010/07/11 22:01,https://example.com/objective
objective-21,2010/07/11 21:00,Title,<h1>hacked</h1>,Low,false,2010/07/11 21:01,2010/07/11 22:01,https://example.com/objective
objective-22,2010/07/11 21:00,Title,АБХجحذسعف汉书من你好吗РСТУШДذرزطظآحخدشصЮЯОПРСТУكلمة美女,Low,false,2010/07/11 21:01,2010/07/11 22:01,https://example.com/objective
objective-23,2010/07/11 21:00,Title,Description,Low,false,2010/07/11 21:01,2010/07/11 22:01,https://example.com/objective
objective-24,2010/07/11 21:00,Title,Description,Medium,false,2010/07/11 21:01,2010/07/11 22:01,https://example.com/objective
objective-25,2010/07/11 21:00,Title,Description,High,false,2010/07/11 21:01,2010/07/11 22:01,https://example.com/objective
objective-26,2010/07/11 21:00,Title,Description,Low,false,2010/07/11 21:01,2010/07/11 22:01,https://example.com/objective
objective-27,2010/07/11 21:00,Title,Description,Low,true,2010/07/11 21:01,2010/07/11 22:01,https://example.com/objective
objective-28,2010/07/11 21:00,Title,Description,Low,false,2010/07/11 21:01,2010/07/11 22:01,