key,reference,identification-date,impact,probability,description,link
risk-01,R-001,2021/07/30 20:00,20.32,0.56,This is a sample description,http://www.example.com
risk-02,R-002,2000/01/01 00:00,20.32,0.56,This is a sample description,http://www.example.com
risk-03,R-003,2000/01/01 00:01,20.32,0.56,This is a sample description,http://www.example.com
risk-04,R-004,2012/07/29 23:59,20.32,0.56,This is a sample description,http://www.example.com
risk-05,R-005,2022/07/29 23:58,20.32,0.56,This is a sample description,http://www.example.com
risk-06,R-006,2022/07/29 23:59,20.32,0.56,This is a sample description,http://www.example.com
risk-07,R-007,2020/02/29 20:00,20.32,0.56,This is a sample description,http://www.example.com
risk-08,R-008,2019/12/31 23:59,20.32,0.56,This is a sample description,http://www.example.com
risk-09,R-009,2021/07/30 19:59,0.00,0.56,This is a sample description,http://www.example.com
risk-10,R-010,2021/07/30 20:00,0.01,0.56,This is a sample description,http://www.example.com
risk-11,R-011,2021/07/30 20:00,51.21,0.56,This is a sample description,http://www.example.com
risk-12,R-012,2021/07/30 20:00,99.98,0.56,This is a sample description,http://www.example.com
risk-13,R-013,2021/07/30 20:00,99.99,0.56,This is a sample description,http://www.example.com
risk-14,R-014,2021/07/30 20:00,20.32,0.01,This is a sample description,http://www.example.com
risk-15,R-015,2021/07/30 20:00,20.32,0.02,This is a sample description,http://www.example.com
risk-16,R-016,2021/07/30 20:00,20.32,0.5,This is a sample description,http://www.example.com
risk-17,R-017,2021/07/30 20:00,20.32,0.99,This is a sample description,http://www.example.com
risk-18,R-018,2021/07/30 20:00,20.32,1.00,This is a sample description,http://www.example.com
risk-19,R-019,2021/07/30 20:00,20.32,0.56,T,http://www.example.com
risk-20,R-020,2021/07/30 20:00,20.32,0.56,Th,http://www.example.com
risk-21,R-021,2021/07/30 20:00,20.32,0.56,sit amet consectetur adipiscing elit ut aliquam purus,http://www.example.com
risk-22,R-022,2021/07/30 20:00,20.32,0.56,sit amet consectetur adipiscing elit ut aliquam purus sit amet luctus venenatis lectus magna fringa,http://www.example.com
risk-23,R-023,2021/07/30 20:00,20.32,0.56,sit amet consectetur adipiscing elit ut aliquam purus sit amet luctus venenatis lectus magna fringas,http://www.example.com
risk-24,R-024,2021/07/30 20:00,20.32,0.56,or 'a' = 'a',http://www.example.com
risk-25,R-025,2021/07/30 20:00,20.32,0.56,<h1>hacked</h1>,http://www.example.com
risk-26,R-026,2021/07/30 20:00,20.32,0.56,АБХجحذسعف汉书من你好吗РСТУШДذرزطظآحخدشصЮЯОПРСТУكلمة美女,http://www.example.com
risk-27,R-027,2021/07/30 20:00,20.32,0.56,This is a sample description,http://www.a.com
risk-28,R-028,2021/07/30 20:00,20.32,0.56,This is a sample description,https://www.loreipsumdolorsitametoreipsumdolorsitametoreipsumdolorsitametoreipsumdolorsitametoreipsumdolorsitametoreipsumdolorsitametoreipsumdolorsitametoreipsumdolorsitametoreipsumdolorsitametoreipsumdolorsitametoreipsumdolorsitametoreipsumdolorsita.com
risk-29,R-029,2021/07/30 20:00,20.32,0.56,This is a sample description,https://www.loreipsumdolorsitametoreipsumdolorsitametoreipsumdolorsitametoreipsumdolorsitametoreipsumdolorsitametoreipsumdolorsitametoreipsumdolorsitametoreipsumdolorsitametoreipsumdolorsitametoreipsumdolorsitametoreipsumdolorsitametoreipsumdolorsitam.com
risk-30,R-030,2021/07/30 20:00,20.32,0.56,This is a sample description,null